author id,created_at,geo,id,lang,like_count,quote_count,reply_count,retweet_count,source,tweet
911610082504388609,2022-03-06 01:04:21+00:00, ,1500276062244249601,en,0,0,1,0,Twitter for iPhone,"@Nintendeal Elden Ring. I should‚Äôve known better, but I bought into the hype."
3148866992,2022-03-06 01:04:21+00:00, ,1500276059463372804,en,2,0,0,0,Twitter for Android,"Me: gawd, Elden Ring is kicking my ass, maybe I should put it down for a while. 

*kills boss*

Me: https://t.co/pQPlHlwfxx"
1071077035852869640,2022-03-06 01:04:20+00:00, ,1500276057726980099,en,0,0,0,2425,Twitter for Android,RT @SuperButterBuns: Yeah Elden Ring is cool &amp; all but this is the only ring I care about right now üíçüíï https://t.co/sVGaHiE0tG
977678640942022661,2022-03-06 01:04:20+00:00, ,1500276057383088129,en,0,0,0,8,Twitter for Android,"RT @MrPoppt1: Elden Ring but I cause myself physical pain

https://t.co/oIkn2N5RO7"
1407842845017444352,2022-03-06 01:04:20+00:00, ,1500276055541755907,en,0,0,0,4,Twitter for iPhone,"RT @renjingles: Also god damn, the entire Elden Ring soundtrack slaps hard. It's got everything, from some absolutely beautiful soul rendin‚Ä¶"
635802580,2022-03-06 01:04:20+00:00, ,1500276055466295298,en,7,0,1,0,Twitter for Android,"Nikki is fighting a really hard elden ring boss so I started to shake her chair and she was like ""noooo stop you're going to mess with my i-frames :("" jwhshhzhabsgahdhzh"
1325834401280892930,2022-03-06 01:04:19+00:00, ,1500276054992302083,en,1,0,1,0,Twitter for iPhone,"Elden Ring is making me feel like a little bitch rn
60 minutes just making a character 

5 mins actually playing the game

The guy with the golden horse tree something I forgot bullies me into dying 10 times already 

Wtf is this shit man"
1134491279142862849,2022-03-06 01:04:19+00:00, ,1500276054639923208,en,0,0,0,8989,Twitter Web App,RT @fawnrelic: Elden Ring is about having a beautiful dream that you're Welsh. Bloodborne is about waking up in England.
1117938244371537920,2022-03-06 01:04:19+00:00, ,1500276054480629774,en,0,0,0,5789,Twitter Web App,RT @Elajjaz: Sorceries are back in absolute full force in Elden Ring https://t.co/DJMmH7rwzD
2355354654,2022-03-06 01:04:19+00:00, ,1500276053641555973,en,0,0,0,35579,Twitter for iPhone,RT @DolanDark: The average Elden Ring experience https://t.co/qaimkb2pFC
1473806241889669132,2022-03-06 01:04:19+00:00, ,1500276052735762438,en,0,0,0,5988,Twitter Web App,RT @KinoFabino: Ive been stuck on this boss fight in Elden Ring for hours https://t.co/odUB39merS
1188754856892338177,2022-03-06 01:04:19+00:00, ,1500276051313889285,en,0,0,0,162,Twitter for Android,"RT @Dragk_: One elden ""Ring"" - WIP
#ELDENRING #3D #hentai
Tight, but fits perfectly.

‚ú®""Try Thrust but hole""‚ú®

Yeah, I've been playing Elde‚Ä¶"
955528240738824193,2022-03-06 01:04:19+00:00, ,1500276051175485440,en,0,0,1,0,Twitter for iPhone,"Just went LIVE! üåü

Playing Elden Ring, absolutely shitting on every boss that gets in my way!

Don‚Äôt believe me.. click the link to the stream in the replies.

Let‚Äôs jump in! üòâ https://t.co/kX8hSJJL3K"
1230176969330954240,2022-03-06 01:04:18+00:00, ,1500276049590067202,en,0,0,0,494,Twitter for Android,RT @ZullieTheWitch: George R.R. Martin's major contribution to Elden Ring was purportedly writing a short story based on a draft of the set‚Ä¶
1428063430825627650,2022-03-06 01:04:17+00:00, ,1500276045584519169,en,0,0,0,164,Twitter Web App,"RT @TheActMan_YT: Elden Ring is one of those extremely rare games that can take over my life. Its so good, it's actually unhealthy for my w‚Ä¶"
author id,created_at,geo,id,lang,like_count,quote_count,reply_count,retweet_count,source,tweet
1201257371802095616,2022-03-26 01:50:12+00:00, ,1507535357306449931,en,0,0,0,1900,Twitter for Android,"RT @VideoArtGame: Elden Ring x Dark Souls

Artist: HI-MO https://t.co/UobxommoEI"
21370221,2022-03-26 01:50:12+00:00, ,1507535356886859777,en,0,0,0,379,Twitter for Android,"RT @PlayStation: FromSoftware dazzles players with a new formula that encourages and rewards exploration, earning Elden Ring Editors' Choic‚Ä¶"
1093016350543368193,2022-03-26 01:50:08+00:00, ,1507535340042539008,en,1,0,1,0,Twitter Web App,"you: plays Elden Ring to experience a beautiful large scale RPG
me: plays Elden Ring to hear the menu music on repeat 

we are not the same"
1376022916890959875,2022-03-26 01:50:07+00:00, ,1507535335617572864,en,0,0,0,35,Twitter Web App,"RT @Guitartist2: Some people have asked to have this colored so 
went ahead and did just that^^
I usually just add one dark color to skin b‚Ä¶"
41449250,2022-03-26 01:50:04+00:00, ,1507535321927491585,en,9,0,2,0,Twitter for iPhone,"And now an Elden Ring joke that‚Äôs only partially rot13‚Äôd

Alexander: V yvxr gb chg fgebat jneevbef va zr!
Me: unun gung‚Äôf jung fur fnvq-‚Ä¶ ‚Ä¶bu
‚Ä¶
Me: that part could be either miyazaki or martin really"
192517922,2022-03-26 01:50:03+00:00, ,1507535321344450565,en,0,0,0,159,Twitter for iPhone,"RT @ZullieTheWitch: Out of curiosity, did you change your Physick often or did you mostly use the same mixture? If the latter, what tears d‚Ä¶"
203186966,2022-03-26 01:50:02+00:00, ,1507535316374069249,en,0,0,0,9555,Twitter for Android,"RT @BandaiNamcoUS: To celebrate one month since the launch of #ELDENRING we have a special giveaway for an Elden Ring ASTRO A40 headset!

T‚Ä¶"
861820171664715777,2022-03-26 01:50:01+00:00, ,1507535309277470726,en,0,0,0,0,Twitter Web App,"Trying out my base Vtube model tonight and exploring some more on Elden Ring &lt;3

Drop by and say hi :D
#ELDENRING #Livestream #Vtuber 

https://t.co/3nP1ARQY1w"
2463572929,2022-03-26 01:50:00+00:00, ,1507535307335426049,en,0,0,0,27,Twitter Web App,RT @softwilly: yeah it‚Äôs called elden ring
806071327,2022-03-26 01:50:00+00:00, ,1507535305829724169,en,2,0,1,0,Twitter Web App,Sekiro first time playing ....yeah this a completely diff level then elden ring lmaooo https://t.co/prOlzDZV5v
1188887017041661952,2022-03-26 01:49:59+00:00, ,1507535304420433920,en,0,0,0,4378,Twitter for iPhone,"RT @ELahti: Wow, Elden Ring has lost 50% of its players in just one month. Rough launch, not enough content. Silence from the developer and‚Ä¶"
939625274555105280,2022-03-26 01:49:59+00:00, ,1507535303707349001,en,0,0,0,1211,Twitter Web App,"RT @LunyDoobles: elden ring has taken me by the neck, and it's taken her by the everything https://t.co/30bJYMxLah"
1167139340071264261,2022-03-26 01:49:59+00:00, ,1507535302096666624,en,0,0,0,81,Twitter Web App,RT @michaelleung: yeah its called ELDEN RING
1921452834,2022-03-26 01:49:58+00:00, ,1507535299500556296,en,0,0,0,1092,Twitter for iPhone,"RT @rehvion: No wonder Rykard is Miyazaki's favourite Elden Ring character.
Togethaaaaa https://t.co/G4HxbxUMy7"
545594764,2022-03-26 01:49:56+00:00, ,1507535290499403777,en,0,0,0,1092,Twitter Web App,"RT @rehvion: No wonder Rykard is Miyazaki's favourite Elden Ring character.
Togethaaaaa https://t.co/G4HxbxUMy7"
author id,created_at,geo,id,lang,like_count,quote_count,reply_count,retweet_count,source,tweet
1246091895685685249,2022-03-26 01:46:15+00:00, ,1507534362031579137,en,0,0,0,0,SAM Broadcaster Song Info,Now Playing On Sound Machine Country Radio Pete Hunt - Down To My Last Hearbreak
1320615780552044544,2022-03-26 00:30:18+00:00, ,1507515249351557120,en,2,0,0,0,Twitter for iPhone,üòîüòîüòîthat shit is sad as fuck man. Im sorry and my condolences to the family. May you find some type of peace in the middle of this hearbreaküòîüòîüòî https://t.co/iUT28cg0H4
1314568889737543685,2022-03-25 18:19:17+00:00, ,1507421878884909064,en,0,0,0,0,Twitter Web App,"@ngughii @thatguydenna ‚ÄúMnatu hearbreak saana ndio maana tunakua maleleüî•üî•""See why campus ladies prefer being lesbians and dating older men than themüí•
https://t.co/Zfcsyk1n2l"
1314568889737543685,2022-03-25 18:19:05+00:00, ,1507421829253812224,en,0,0,0,0,Twitter Web App,"@sirnewtonnn_1 @thatguydenna ‚ÄúMnatu hearbreak saana ndio maana tunakua maleleüî•üî•""See why campus ladies prefer being lesbians and dating older men than themüí•
https://t.co/Zfcsyk1n2l"
1314568889737543685,2022-03-25 18:18:50+00:00, ,1507421768700542999,en,0,0,0,0,Twitter Web App,"@MrBIackOG ‚ÄúMnatu hearbreak saana ndio maana tunakua maleleüî•üî•""See why campus ladies prefer being lesbians and dating older men than themüí•
https://t.co/Zfcsyk1n2l"
1314568889737543685,2022-03-25 18:18:30+00:00, ,1507421684944584704,en,0,0,0,0,Twitter Web App,"@JrAloo @thatguydenna ‚ÄúMnatu hearbreak saana ndio maana tunakua maleleüî•üî•""See why campus ladies prefer being lesbians and dating older men than themüí•
https://t.co/Zfcsyk1n2l"
1314568889737543685,2022-03-25 18:18:17+00:00, ,1507421627193114626,en,0,0,0,0,Twitter Web App,"@cm_mwanthi @thatguydenna ‚ÄúMnatu hearbreak saana ndio maana tunakua maleleüî•üî•""See why campus ladies prefer being lesbians and dating older men than themüí•
https://t.co/Zfcsyk1n2l"
1314568889737543685,2022-03-25 18:18:01+00:00, ,1507421562303098880,en,0,0,0,0,Twitter Web App,"@karigoh ‚ÄúMnatu hearbreak saana ndio maana tunakua maleleüî•üî•""See why campus ladies prefer being lesbians and dating older men than themüí•
https://t.co/Zfcsyk1n2l"
1314568889737543685,2022-03-25 18:17:14+00:00, ,1507421365795700764,en,0,0,0,0,Twitter Web App,"@JrAloo @254evee_ ‚ÄúMnatu hearbreak saana ndio maana tunakua maleleüî•üî•""See why campus ladies prefer being lesbians and dating older men than themüí•
https://t.co/Zfcsyk1n2l"
1314568889737543685,2022-03-25 18:17:02+00:00, ,1507421316298719237,en,0,0,0,0,Twitter Web App,"@Samantha_047 @SKELEH_THE_GOON ‚ÄúMnatu hearbreak saana ndio maana tunakua maleleüî•üî•""See why campus ladies prefer being lesbians and dating older men than themüí•
https://t.co/Zfcsyk1n2l"
1314568889737543685,2022-03-25 18:16:53+00:00, ,1507421277195223058,en,0,0,0,0,Twitter Web App,"@Magwedhe @kip254_ ‚ÄúMnatu hearbreak saana ndio maana tunakua maleleüî•üî•""See why campus ladies prefer being lesbians and dating older men than themüí•
https://t.co/Zfcsyk1n2l"
1314568889737543685,2022-03-25 18:16:34+00:00, ,1507421197386006549,en,0,0,0,0,Twitter Web App,"@sweety_ke @SKELEH_THE_GOON ‚ÄúMnatu hearbreak saana ndio maana tunakua maleleüî•üî•""See why campus ladies prefer being lesbians and dating older men than themüí•
https://t.co/Zfcsyk1n2l"
1314568889737543685,2022-03-25 18:16:21+00:00, ,1507421140771295238,en,0,0,0,0,Twitter Web App,"@Elicryze___ @kip254_ ‚ÄúMnatu hearbreak saana ndio maana tunakua maleleüî•üî•""See why campus ladies prefer being lesbians and dating older men than themüí•
https://t.co/Zfcsyk1n2l"
1314568889737543685,2022-03-25 18:16:11+00:00, ,1507421102057955328,en,0,0,0,0,Twitter Web App,"@am_Melu_ @21stonney ‚ÄúMnatu hearbreak saana ndio maana tunakua maleleüî•üî•""See why campus ladies prefer being lesbians and dating older men than themüí•
https://t.co/Zfcsyk1n2l"
1314568889737543685,2022-03-25 18:15:57+00:00, ,1507421040347164688,en,0,0,0,0,Twitter Web App,"@LavendaNjeri @SKELEH_THE_GOON ‚ÄúMnatu hearbreak saana ndio maana tunakua maleleüî•üî•""See why campus ladies prefer being lesbians and dating older men than themüí•
https://t.co/Zfcsyk1n2l"
author id,created_at,geo,id,lang,like_count,quote_count,reply_count,retweet_count,source,tweet
author id,created_at,geo,id,lang,like_count,quote_count,reply_count,retweet_count,source,tweet
author id,created_at,geo,id,lang,like_count,quote_count,reply_count,retweet_count,source,tweet
author id,created_at,geo,id,lang,like_count,quote_count,reply_count,retweet_count,source,tweet
3258768828,2022-03-26 01:50:10+00:00, ,1507535347286097920,en,0,0,0,67,Twitter for Android,"RT @Asli_Jacqueline: Fierce &amp; Furious &amp; Full of fire! 
Meet the Super Soldier in 1 week only in cinemas near you üî• 

#Attack - Part 1 relea‚Ä¶"
2411919048,2022-03-26 01:50:09+00:00, ,1507535343066640385,en,0,0,0,1253,Twitter for iPad,RT @JaniceDean: At the doctors today. I‚Äôve overheard so many conversations about @NYCMayor outrageous vaccination exceptions for millionair‚Ä¶
1039402717595226112,2022-03-26 01:50:06+00:00, ,1507535330525827076,en,0,0,0,33664,Twitter for Android,"RT @DeepFriedToes_: Bro saved his buddy cause he got knocked out sky diving , this the most fast and furious shit I‚Äôve ever seen https://t.‚Ä¶"
330816503,2022-03-26 01:50:02+00:00, ,1507535316889919488,en,0,0,0,33664,Twitter Web App,"RT @DeepFriedToes_: Bro saved his buddy cause he got knocked out sky diving , this the most fast and furious shit I‚Äôve ever seen https://t.‚Ä¶"
1011362264153194496,2022-03-26 01:49:58+00:00, ,1507535299718569990,en,0,0,0,33664,Twitter for iPhone,"RT @DeepFriedToes_: Bro saved his buddy cause he got knocked out sky diving , this the most fast and furious shit I‚Äôve ever seen https://t.‚Ä¶"
1587328602,2022-03-26 01:49:58+00:00, ,1507535296967061507,en,0,0,0,33664,Twitter for iPhone,"RT @DeepFriedToes_: Bro saved his buddy cause he got knocked out sky diving , this the most fast and furious shit I‚Äôve ever seen https://t.‚Ä¶"
16767209,2022-03-26 01:49:56+00:00, ,1507535291606876161,en,6,1,3,0,Twitter for iPhone,The haters are furious
2540607781,2022-03-26 01:49:52+00:00, ,1507535274728996866,en,0,0,0,10,Twitter for Android,"RT @TheValuesVoter: And as bad as it is that they manipulate you to make you furious, frightened and ready for Civil War over things that e‚Ä¶"
1963257373,2022-03-26 01:49:48+00:00, ,1507535257486204931,en,0,0,0,33664,Twitter for iPhone,"RT @DeepFriedToes_: Bro saved his buddy cause he got knocked out sky diving , this the most fast and furious shit I‚Äôve ever seen https://t.‚Ä¶"
1342815145009926148,2022-03-26 01:49:48+00:00, ,1507535257351823366,en,0,0,0,33664,Twitter for iPhone,"RT @DeepFriedToes_: Bro saved his buddy cause he got knocked out sky diving , this the most fast and furious shit I‚Äôve ever seen https://t.‚Ä¶"
1143693174130348032,2022-03-26 01:49:47+00:00, ,1507535253845409792,en,0,0,0,5,Twitter for iPhone,RT @jburd22: Sometimes I'll think about how the entire plot for Furious 7 is about finding a device that can locate the villain Deckard Sha‚Ä¶
47969402,2022-03-26 01:49:46+00:00, ,1507535250225831937,en,0,0,0,33664,Twitter for iPhone,"RT @DeepFriedToes_: Bro saved his buddy cause he got knocked out sky diving , this the most fast and furious shit I‚Äôve ever seen https://t.‚Ä¶"
1064306996650885122,2022-03-26 01:49:46+00:00, ,1507535247973527555,en,0,0,0,33664,Twitter for iPhone,"RT @DeepFriedToes_: Bro saved his buddy cause he got knocked out sky diving , this the most fast and furious shit I‚Äôve ever seen https://t.‚Ä¶"
394500871,2022-03-26 01:49:46+00:00, ,1507535246668967936,en,0,0,0,33664,Twitter for iPhone,"RT @DeepFriedToes_: Bro saved his buddy cause he got knocked out sky diving , this the most fast and furious shit I‚Äôve ever seen https://t.‚Ä¶"
4250409260,2022-03-26 01:49:45+00:00, ,1507535242898202625,en,0,0,0,33664,Twitter for Android,"RT @DeepFriedToes_: Bro saved his buddy cause he got knocked out sky diving , this the most fast and furious shit I‚Äôve ever seen https://t.‚Ä¶"
author id,created_at,geo,id,lang,like_count,quote_count,reply_count,retweet_count,source,tweet
16767209,2022-03-26 01:49:56+00:00, ,1507535291606876161,en,6,1,3,0,Twitter for iPhone,The haters are furious
4157939543,2022-03-26 01:49:35+00:00, ,1507535200158457863,en,3,0,1,1,Twitter Web App,@BurrdDoh @fab4screamie @Shaken0Stirred @EverAre4 @kimmyifuplease @Jaxzon2008 @eddsmitty @zazzybritches @GangstaMimi @donnak831 @JerryCann1 @Tam_Resist @HondoResists @mama_hipster @SelfImposedXile @co_rapunzel4 @TappyPaws @WestonJK @Gems4Kimber @KierstenWarren @MLedaloo @Lissthesassy @LuciaRendn4 @RedloraineV @RedHairnBlkLthr @caliga3456 @dmwasleske @GhostOfLuv3 @MajorFactor2 @sugar1420 @NReveillee @Malibujammin @smh_lori @CirclesSpinning @NashvilleDeeDee @VABlueBelle18 @nancymhet @JDNEngland @kathryndennison @CarlyJA22 @CMikeSF @ivyjofreeman @SquadThen @Back_dafucup @Theon_Orbis @CanuckCognizant @showgirlcf @donnasfineart @ResistMike Agreed.  He ought to be hanged for that one.   I was and remain furious at that!
1409386848,2022-03-26 01:49:33+00:00, ,1507535192092659717,en,0,0,1,0,Twitter for iPhone,not my brother making me watch the fast and furious rn
2558615304,2022-03-26 01:49:22+00:00, ,1507535146857160710,en,1,0,0,0,Twitter for iPad,"@AvonandsomerRob Furious, I spent, 50p extra on easy jest. I did learn some humble lessons , the flight was very good."
753252252077453312,2022-03-26 01:49:08+00:00, ,1507535090485796865,en,2,0,0,0,Twitter Web App,"@GxnjyEU any Marvel movie, Harry Potter series, Maze Runner series, Hunger Game series, Divergent series, Fast and Furious series, Pirates of the Caribbean series, Kingsman 1-2, Deadpool 1-2, Borat 1-2,"
1501751697516859395,2022-03-26 01:48:41+00:00, ,1507534975121321984,en,0,0,1,0,Twitter Web App,"@rmrjersey @costareports I believe prosecutors are building cases.  I don't know that for sure, but that's usually the way it goes.  The committee knows the stakes &amp; I believe they're committed and furious, too.

My faith is in judges &amp; not us, even when the hearings start."
3317278692,2022-03-26 01:48:34+00:00, ,1507534945589379072,en,8,0,0,2,Twitter for iPhone,"Kansas wins! 

The tourney was on the verge of having no 1 seeds in the Elite 8 for the first time in the history of the 64 team field, but the Jayhawks held off a furious Friars rally to survive and advance. 

KU moves on to play Miami or Iowa St. for the trip to the Final 4."
1373547446027091968,2022-03-26 01:48:17+00:00, ,1507534876777619468,en,0,0,0,0,Twitter for Android,"Fear no more the heat o‚Äô the sun;

Nor the furious winter‚Äôs rages,

Thou thy worldly task hast done,

Home art gone, and ta‚Äôen thy wages;

Golden lads and girls all must,

As chimney sweepers come to dust

12YRS OF ICONIC GASHMEER"
1496868006412300290,2022-03-26 01:48:16+00:00,70957ac3123b3249,1507534869827522560,en,1,0,0,0,Twitter for Android,@CollinsChadM Furious Alexüòàüëä
1198747073627201536,2022-03-26 01:48:10+00:00, ,1507534845215649792,en,1,0,0,0,Twitter for iPhone,@arr0wsfn Any fast and furious movie
1420129100614750212,2022-03-26 01:48:04+00:00, ,1507534819449790465,en,0,0,0,0,Twitter for iPad,I know this is random but if anyone has any Fast and furious Hot Wheels I will buy them tell me if you have any.
1127509050,2022-03-26 01:47:49+00:00, ,1507534756023574537,en,0,0,0,0,Twitter for iPhone,These fast &amp; furious movies really have gotten out of hand &amp; these random characters üôÑ
103767835,2022-03-26 01:47:31+00:00, ,1507534682526785542,en,2,0,2,1,Twitter for iPhone,"@legaultland13 I feel like there could be a podcast for movies that had 1 good/great one and spawned multiple bad/not great ones. 

1.Tremors
2. The Prophecy
3. From Dusk Till Dawn
4. The Fast and The Furious
5. The Land Before Time

Just to name a few"
1315816581021208579,2022-03-26 01:47:10+00:00, ,1507534594525970432,en,0,0,0,0,"Cheap Bots, Done Quick!","When you were fifteen, you sought‚Äîrelentlessly, might I add‚Äîto involve yourself with Lord Gwendal's daughter. Who do you suppose made peace with the furious lord, despite having nothing to do with it? Hm? Me. Always me, always for you. Every time."
23927091,2022-03-26 01:47:01+00:00, ,1507534557888737280,en,2,0,2,0,Twitter for iPhone,"My Angry Juice Container return gang guy came today üòÇü§£HE IS FURIOUS!
#Recycle #returnit @returnitgang https://t.co/ZH63M0DoOp"
author id,created_at,geo,id,lang,like_count,quote_count,reply_count,retweet_count,source,tweet
1201671709717417984,2022-03-26 01:50:09+00:00, ,1507535343423270912,en,0,0,0,0,Twitter Web App,"@jadajadabaaby Also being serious, I got Jade to look at your profile.  If thats not love I dont know what is than:)"
1384850804389998593,2022-03-26 01:50:02+00:00, ,1507535313614254080,en,1,0,1,0,Twitter for iPhone,@dulin_becky Oh its my stupidity. I accidentally started a new account in trying to sign in. So I dont know my password for this account but now everytime I have it send me a password reset it thinks its for that new account. Have my old phone on wifi to check tweete
1356058299188318208,2022-03-26 01:49:58+00:00, ,1507535298569326595,en,14,0,1,0,Twitter for Mac,i dont know whats going on but obi is doing VERY well from the limited stuff ive seen
1337963219466371072,2022-03-26 01:49:54+00:00, ,1507535282304065543,en,3,0,1,0,Twitter for iPad,MY BF GOT A HAIRCUT AND IT LOOKS LIKE A MULLET BUT ITS NOT I DONT KNOW WHAT ITS CALLED
905452766239145985,2022-03-26 01:49:37+00:00, ,1507535209809743872,en,0,0,1,0,Twitter Web App,@veryspicyfridge I DONT KNOW........ we have 100 members n they decided it was good idea i guess! good for them
1275925983766343680,2022-03-26 01:49:27+00:00, ,1507535166562246660,en,0,0,0,0,Twitter for iPhone,sooo baby i will waait for uuuu coz i dont know what else i can doooo
1485828068962934785,2022-03-26 01:49:10+00:00, ,1507535097385439234,en,0,0,0,0,Twitter Web App,i miss something but i dont know what...
1457965612978741251,2022-03-26 01:49:09+00:00, ,1507535091635200003,en,0,0,0,0,Twitter Web App,"Theres nothing else you can do. ,I dont know where youre going ,And I dont know why #GHC #GHCArmy #GalaxyHeroesCoin!19"
1499092176176779264,2022-03-26 01:48:44+00:00, ,1507534986596954112,en,5,0,1,0,Twitter for iPhone,"@LowProfileFool i dont know you, been here since 2015

lets get acquainted first babe ‚ò∫Ô∏è"
1476653419482034179,2022-03-26 01:48:43+00:00, ,1507534985753997317,en,0,0,1,0,Twitter for Android,@stagsupremacy_ I dont know what this means?? lmaoskdbsjs
1028974941486473217,2022-03-26 01:48:42+00:00, ,1507534979793891330,en,0,0,0,0,Twitter for Android,?!?;'(_!_+ I DONT KNOW IF I'LL BELIEVE THIS OR NOT DKDKIDNXJSJS https://t.co/OezunA0lz2
1310805625639591937,2022-03-26 01:48:39+00:00, ,1507534968305635329,en,32,0,1,0,Twitter Web App,"@The_Milk_Mane same, sry, basically he was asking for a ride, and i said i dont know im kinda pre occupied üëÄü§£, he looks and and then looks again, walks away, comes back, looks and shouts ""your weird bro"" and waits by the stop to look again haha"
1478854191321784320,2022-03-26 01:48:33+00:00, ,1507534942175064064,en,0,0,1,0,Twitter for Android,"@sun_blossom3105 
I dont know if this went out before cuz i cant see it but here it is again! @Sqaishey i edited one of your light saber flows that u had shared on the sqaishey discord server. I hope u like it! https://t.co/BmHEUPOaeV"
1477938595730239490,2022-03-26 01:47:49+00:00, ,1507534755897638913,en,0,0,0,0,"Cheap Bots, Done Quick!","Yeah it made me feel ‚Ä¶ um, I dont know, insignificant. But cib said it made him feel the most special he‚Äôd ever felt. Like we were the last people on earth, cause it was just us there, together. In the moment. I still wanna feel that one day."
1469238385470550016,2022-03-26 01:47:33+00:00, ,1507534688877006854,en,1,0,0,0,Twitter for Android,"@anko_bun I dont know inch.. Ankhira is 169 CM which I think is 5'6""?"
1130866143760191488,2022-03-26 01:47:18+00:00, ,1507534627124269063,en,2,0,0,0,Twitter for iPhone,i went to sort a picture of minho into my photo albums... but i wasn't paying attention and i dont know what happened but the options disappeared and he wasnt in his folder... o__O did i airdrop him to someone
984712677225390083,2022-03-26 01:47:08+00:00, ,1507534587173302274,en,0,0,0,0,Twitter for iPhone,@itaintaaron I DONT KNOW IF YOU FEEL THE WAY I DO IF YOU LEAVE IM GON FIND Uüñ§
929902267322523648,2022-03-26 01:46:46+00:00, ,1507534491337695240,en,1,0,1,0,Twitter for Android,"I am a Mitch fan, but if Baker is cut, the Steelers should grab Baker. Mitch not too expensive. That being said... Mitch could win that camp competition and I dont know if Baker would be ok with risking being backup. https://t.co/fMgL5dk2re"
1284952530443804682,2022-03-26 01:46:18+00:00, ,1507534373905739778,en,0,0,0,0,Twitter for iPhone,@DontGoSombra i dont know either man
2325028210,2022-03-26 01:46:06+00:00, ,1507534326669492230,en,0,0,0,0,Twitter for iPhone,@itaintaaron I DONT KNOW IF YOU FEEL THE WAY I DOOOOOO
876606034864984064,2022-03-26 01:45:58+00:00, ,1507534290606776321,en,1,0,1,0,Twitter for iPhone,@caewuh i am like. generally uncaring when it comes to DC in general. just like. not my style of movies but i feel like its silly for them NOT to do joker in a movie‚Ä¶ like. it is an obvious cash grab. like? i dont know anything but it would be dumb to not do joker in at least 1 movie
1391121542990422023,2022-03-26 01:45:44+00:00, ,1507534233052622854,en,0,0,2,0,Twitter Web App,@Lewd_Tig3r Jeez. I dont know all that stuff. Im just a kid qwq
3258749353,2022-03-26 01:45:23+00:00, ,1507534144460320768,en,0,0,0,0,Twitter for iPhone,i hate when im doing adult shit and they ask me something and i dont know what it means. i be like ‚Äúuhh i dont know what that means.‚Äù it‚Äôs so embarrassing
1465064679840092177,2022-03-26 01:45:08+00:00, ,1507534082523029507,en,1,0,0,0,Twitter Web App,MY BROTHER WANTS TO WATCH SLASHER N EAT??? AT THE SAME TIME??? boy... i dont know who you think i am but i cannot do that. i will only focus on covering my eyes n shit..
1495135725733429250,2022-03-26 01:45:07+00:00, ,1507534079931162628,en,1,0,0,0,Twitter for iPhone,i want to make friends but i dont know what to do
1131293068701962244,2022-03-26 01:45:03+00:00, ,1507534062306668549,en,2,0,0,0,Twitter for iPhone,‚ÄúI dont know who he is‚Äù OH?? #Dateline
1258762025649438724,2022-03-26 01:44:39+00:00, ,1507533960414441474,en,2,0,3,0,Twitter for Android,@BlueSnowman__ @Inspire_Me999 I dont know why but I can't stop laughing at theseüò≠üòÇ
1442645138715545602,2022-03-26 01:44:36+00:00, ,1507533948758331395,en,1,0,0,0,Twitter Web App,trippie the only good artist here (i dont know the others besides mgk and i dont like him) https://t.co/LtWbMNED0v
1359095051033300992,2022-03-26 01:44:17+00:00, ,1507533869628932105,en,1,0,0,0,Twitter for Android,"please help i dont know who to watch for mcc 
ranboo or wilbur"
65434959,2022-03-26 01:44:12+00:00, ,1507533847734403078,en,3,0,1,0,Twitter for iPhone,@ProFootballTalk @That_Boi_Dhawk Read this out loud and ask yourself if it makes sense.  Really read the first 3 words loud. I DONT KNOW.   That‚Äôs all you need to know. The honest answer is we don‚Äôt know and should reserve judgment until we do.
1414856009248501768,2022-03-26 01:43:20+00:00, ,1507533629303320580,en,0,0,0,0,Twitter for Android,I sleep at 6AM after louis' show then take my quiz at 7:30 AM. I dont know how my brain still manage to solveü§Ø https://t.co/lwlICwyRZA
1489085288013987840,2022-03-26 01:43:16+00:00, ,1507533614245834753,en,0,0,0,0,Twitter for iPhone,@folkloregulus I DONT KNOWüò≠üò≠üò≠üò≠
2242607850,2022-03-26 01:43:03+00:00, ,1507533556494516224,en,0,0,0,0,Twitter Web App,"Sawyer Brown https://t.co/fFE966Srx1 via @YouTube I will be at The Opp, Alabama Rattlesnake Rodeo tomorrow. I dont know if I'll be there when Sawyer Brown performs or not. I'm not playing or singing there, but I'll be there. #OppAlabamaRattlesnakeRodeo #RattlesnakeRodeo"
1483770694177542147,2022-03-26 01:43:01+00:00, ,1507533549909553154,en,1,0,0,0,Twitter for iPhone,"@itssoott your life your time - Christian leave
Turn the lights off - tally hall
Choke - I DONT KNOW HOW BUT THEY FOUND ME
Monster - dodie 
Kitchen without gun - YouSeeKenny
Pit of vipers - Simon Curtis 

These are mine atm :]"
1378250905091366914,2022-03-26 01:42:59+00:00, ,1507533543240798215,en,0,0,0,0,Twitter for iPhone,"Please watch bad vegan and kalau ada orang nak pinjam duit just fucking say no. Wtf gullible gila. Ayat manis sikit bagi pinjam. Bodoh namampos. And Sarma pretending to be innocent, teo pigtails, white shirts, less makeup lololol, acting i-dont-know-anything ü§™"
19500837,2022-03-26 01:42:57+00:00, ,1507533533446905861,en,2,0,1,0,Twitter Web App,@shyshypixie 119?? i dont know what i could have done lmao
1348885347128782849,2022-03-26 01:42:54+00:00, ,1507533518901026828,en,0,0,1,0,Twitter for iPhone,@nourrris this feels ilegal nour im scared i dont know if im prepared enough to hear ur voice
846998243259101184,2022-03-26 01:42:52+00:00, ,1507533512571826177,en,7,0,1,1,TweetDeck,"if you're actively suicidal i wish i could tell you it gets better but i dont know that, and i wish i could tell you it isnt worth it but i dont really know that either. it's not my call to make for anyone but myself. i do strongly, strongly suggest at least trying MDMA first"
1474913932515102723,2022-03-26 01:42:46+00:00, ,1507533485547864065,en,0,0,0,0,Twitter Web App,"@CastorArctis i dont know either.

could have snatched up what they thought was an underselling artist, or a cheap unsaid discount."
1092580277958860800,2022-03-26 01:42:32+00:00, ,1507533427863547905,en,1,0,2,0,Twitter Web App,"@Jazz_BerryJam i dont know that the undercut is actually canon beyond concept art, but i like it so i always draw it anyway ‚úåÔ∏è it's great"
842650039558131713,2022-03-26 01:42:24+00:00, ,1507533395575799813,en,2,0,0,0,Twitter for Android,"@Poxxers @emilyrosewindy I dont know why you think something going on, looks normal to me."
1340264539967778817,2022-03-26 01:42:22+00:00, ,1507533385681436674,en,1,0,1,0,Twitter for iPhone,@nonbinarynerd36 pls omf i dont know how or why but this is you if you were a plushie look at how mf cute
1262081987885621252,2022-03-26 01:42:15+00:00, ,1507533357382520843,en,1,0,1,0,Twitter for Android,@meldaottosbvrn I DONT KNOW WHY PEOPLE ARE SEEING GAR BUT I LOVE IT
1471434162028433411,2022-03-26 01:41:57+00:00, ,1507533279754293249,en,0,0,1,0,Twitter for Android,@dither87 @BriennaElska @BladeGreaver Huh? I dont know whatcha mean by that. But lemme know
1397287362594476032,2022-03-26 01:41:50+00:00, ,1507533253808476161,en,0,0,1,0,Twitter Web App,@realaxolanime i dont know why i like meggy
1506779897414443009,2022-03-26 01:41:44+00:00, ,1507533226859970566,en,0,0,0,0,Twitter for Android,And use your brain people! What does the word Patient mean?? Oh my God! Don't think about it but we ARE NOT PATIENT...PATIENTS OR NOTHING OF ANY SORT...HUH BUBBA S.T. WE ARE NOT PATIENT BUT WE R VIRTUOUS! WAIT WHATS A VIRTUE??? LOL I DONT KNOW MOM SAID IT
1039894596384432129,2022-03-26 01:41:33+00:00, ,1507533180588408838,en,4,0,0,0,Twitter Web App,respectfully i dont know how every assignment in my education class has to be about multiculturalism
1131293068701962244,2022-03-26 01:41:32+00:00, ,1507533175202983943,en,1,0,0,0,Twitter for iPhone,@Ron67592179 Right?  Because even an ‚Äúi dont know‚Äù would have made more sense
1500559997549252609,2022-03-26 01:41:20+00:00, ,1507533125307416576,en,1,0,0,0,Twitter for iPhone,@kaerobinee /.I DONT KNOW  WHAT COUKDHAVE STARTED THID  IM  HOLDING BACK  UGLY LAUGHTER
1427781099321794564,2022-03-26 01:40:52+00:00, ,1507533006520651778,en,0,0,0,0,Twitter Web App,@MissDemeanour_ i dont know nut i com on your pussy
